status,deadline_date,name,program_type,country,city,website,source_note,source,fundingcake_url,slug,match_type
open_soon,2026-05-22,"Google for Startups Immersion (India, AI)",accelerator,IN,Bangalore,https://startup.google.com/,"Google for Startups + Antler India — closes May 22, 2026",web-search,,google-startups-immersion-india,external
open_soon,2026-05-17,a16z Speedrun,accelerator,US,San Francisco,https://speedrun.a16z.com,"a16z Speedrun SR007 — closes May 17, 2026 11:59pm PT",web-search,,a16z-speedrun,external
open,2026-07-15,Canadian Technology Accelerator — Mexico Fintech,accelerator,CA,,https://www.tradecommissioner.gc.ca/,"CTA Mexico Fintech 2026 — July 15, 2026 deadline",web-search,,cta-mexico-fintech,external
open,2026-07-17,Canadian Technology Accelerator — Silicon Valley Advanced Mfg,accelerator,CA,,https://www.tradecommissioner.gc.ca/,"CTA Silicon Valley Advanced Manufacturing & Industry 4.0 — July 17, 2026",web-search,,cta-silicon-valley-mfg,external
open,2026-07-15,Creative Destruction Lab,accelerator,CA,Montreal,https://www.creativedestructionlab.com,Creative Destruction Lab — annual cohort applications open,fundingcake,https://fundingcake.com/listing/creative-destruction-lab/,creative-destruction-lab,exact
open,2026-07-15,Creative Destruction Lab Vancouver,accelerator,CA,Vancouver,https://creativedestructionlab.com/locations/vancouver,Creative Destruction Lab — annual cohort applications open,fundingcake,https://fundingcake.com/listing/creative-destruction-lab-vancouver/,creative-destruction-lab-vancouver,prefix
open,2026-07-15,FounderFuel,accelerator,CA,Montreal,https://founderfuel.com/,"FounderFuel — Montreal, 16-week ($120k CAD: $20k for 5% + $100k SAFE)",web-search,,founderfuel,external
open,2026-06-30,Google for Startups Canada,accelerator,CA,Montreal,https://startup.google.com/accelerator/canada,Google for Startups Accelerator NA — June 30,fundingcake,https://fundingcake.com/listing/google-for-startups-canada/,google-for-startups-canada,prefix
open,2026-06-30,Startup Chile,accelerator,CL,Santiago,https://startupchile.org/,"Startup Chile — equity-free up to $100k, government-backed",web-search,,startup-chile,external
open,2026-08-31,Startupbootcamp,accelerator,NL,Amsterdam,https://www.startupbootcamp.org/,Startupbootcamp — Global vertical accelerators (€15-40k for ~8%),web-search,,startupbootcamp,external
open,2026-06-30,500 Global,accelerator,US,San Francisco,https://500.co,500 Global Flagship Batch 37 — Q1/Q2 2026 ($150k for 6%),fundingcake,https://fundingcake.com/listing/500-global/,500-global,exact
open,2026-08-15,AlphaLab,accelerator,US,Pittsburgh,https://www.alphalab.org/,"AlphaLab — Pittsburgh, up to $100k + 2% (software/robotics/life sciences)",web-search,,alphalab,external
open,2026-07-01,Berkeley SkyDeck,accelerator,US,San Francisco,https://skydeck.berkeley.edu,Berkeley SkyDeck — annual cohort ($200k for 7.5%),fundingcake,https://fundingcake.com/listing/berkeley-skydeck/,berkeley-skydeck,exact
open,2026-07-15,Endless Frontier Labs,accelerator,US,New York,https://endlessfrontierlabs.com/,"Endless Frontier Labs — NYU Stern, deep tech / life sciences, equity-free",web-search,,endless-frontier-labs,external
open,2026-08-15,Entrepreneurs Roundtable Accelerator (ERA),accelerator,US,New York,https://eranyc.com/,ERA NYC — $150k for 6% ($170k incl. operations),web-search,,entrepreneurs-roundtable-accelerator,external
open,2026-07-19,Founder Institute,accelerator,US,Palo Alto,https://fi.co,Founder Institute Philadelphia — Jul 19 ($799),fundingcake,https://fundingcake.com/listing/founder-institute/,founder-institute,exact
open,2026-06-30,Google for Startups,accelerator,US,San Francisco,https://startup.google.com,Google for Startups Accelerator NA — June 30,fundingcake,https://fundingcake.com/listing/google-for-startups/,google-for-startups,exact
open,2026-06-15,Launch Accelerator,accelerator,US,San Francisco,https://launchaccelerator.co,LAUNCH Accelerator Cohort 36 — open March 2026 ($125k),fundingcake,https://fundingcake.com/listing/launch-accelerator/,launch-accelerator,exact
open,2026-06-15,LearnLaunch Accelerator,accelerator,US,Boston,https://learnlaunch.com/accelerator-2,LAUNCH Accelerator Cohort 36 — open March 2026 ($125k),fundingcake,https://fundingcake.com/listing/learnlaunch-accelerator/,learnlaunch-accelerator,substring
open,2026-06-30,NSF SBIR / STTR Phase I,grant,US,,https://seedfund.nsf.gov/,"NSF SBIR/STTR Phase I — June-Aug submission window, up to $305k non-dilutive",web-search,,nsf-sbir,external
open,2026-06-15,RedHawk Launch Accelerator,accelerator,US,Miami,https://www.miamioh.edu/fsb/academics/entrepreneurship/focus-areas/startup-entrepreneurship/redhawk-launch-accelerator/index.html,LAUNCH Accelerator Cohort 36 — open March 2026 ($125k),fundingcake,https://fundingcake.com/listing/redhawk-launch-accelerator/,redhawk-launch-accelerator,substring
open,2026-06-30,SBIR Phase I,grant,US,,https://www.sbir.gov/,SBIR Phase I — federal agencies (DoD/NIH/NSF/DOE) submission windows,web-search,,sbir-phase-1,external
open,2026-06-10,Techstars (Boulder),accelerator,US,Boulder,https://www.techstars.com/accelerators,"Techstars Spring 2026 — multiple city programs, June 10 deadlines",web-search,,techstars-boulder,external
open,2026-06-10,Techstars Anywhere,accelerator,US,,https://www.techstars.com/accelerators/anywhere,"Techstars Anywhere — remote-first, Spring 2026 June 10 deadline",web-search,,techstars-anywhere,external
open,2026-08-01,Village Capital,accelerator,US,Washington,https://vilcap.com/,Village Capital — Global impact accelerator (varies by program),web-search,,village-capital,external
open,2026-05-04,Y Combinator,accelerator,US,San Francisco,https://www.ycombinator.com,"YC Summer 2026 — on-time passed May 4, late accepted",fundingcake,https://fundingcake.com/listing/y-combinator/,y-combinator,exact
open,2026-06-30,Google for Startups Accelerator: MENA / NA / Turkey,accelerator,,,https://startup.google.com/,"Google for Startups MENA, North Africa & Turkey — Apr-Jun 2026 cycle, equity-free + up to $350k cloud credits",web-search,,google-startups-mena,external
rolling,,Antler Canada,accelerator,CA,Toronto,https://www.antler.co/location/canada,Antler — year-round rolling applications,fundingcake,https://fundingcake.com/listing/antler-canada/,antler-canada,prefix
rolling,,L-Spark,accelerator,CA,Ottawa,https://www.l-spark.com,"L-SPARK — Canadian SaaS, ongoing (3% performance equity)",fundingcake,https://fundingcake.com/listing/l-spark/,l-spark,exact
rolling,,EWOR,accelerator,DE,,https://www.ewor.com/,"EWOR — Europe-wide, up to €500k for 7% (industry-agnostic)",web-search,,ewor,external
rolling,,Wayra,accelerator,ES,,https://www.wayra.com/,"Wayra — Telefónica's global accelerator (€50k-€5M, AI/IoT/Cloud)",web-search,,wayra,external
rolling,,Antler Academy,accelerator,SG,Singapore,https://www.antler.co/academy,Antler — year-round rolling applications,fundingcake,https://fundingcake.com/listing/antler-academy/,antler-academy,prefix
rolling,,Antler Global,accelerator,SG,Singapore,https://www.antler.co,Antler — year-round rolling applications,fundingcake,https://fundingcake.com/listing/antler/,antler,exact
rolling,,Founders Factory,accelerator,UK,London,https://foundersfactory.com,"Founders Factory — London/global, ongoing cohorts (£30-250k)",fundingcake,https://fundingcake.com/listing/founders-factory/,founders-factory,exact
rolling,,a16z START,accelerator,US,San Francisco,https://a16z.com/start/,a16z START — rolling pre-seed program,web-search,,a16z-start,external
rolling,,AI2 Incubator (Allen Institute for AI),accelerator,US,Seattle,https://www.ai2incubator.com/,"AI2 Incubator — Allen Institute, rolling, AI-focused (up to $600k + cloud credits)",web-search,,ai2-incubator,external
rolling,,Alchemist Accelerator,accelerator,US,San Francisco,https://www.alchemistaccelerator.com,"Alchemist — cohort-based, ongoing intakes",fundingcake,https://fundingcake.com/listing/alchemist-accelerator/,alchemist-accelerator,exact
rolling,,AngelPad,accelerator,US,New York,https://angelpad.org,"AngelPad — NYC & SF, biannual cohorts ($120k for ~7%)",fundingcake,https://fundingcake.com/listing/angelpad/,angelpad,exact
rolling,,Antler US Boulder,accelerator,US,Boulder,https://www.antler.co/location/us,Antler — year-round rolling applications,fundingcake,https://fundingcake.com/listing/antler-us-boulder/,antler-us-boulder,prefix
rolling,,Boomtown Accelerators,accelerator,US,Boulder,https://boomtownaccelerators.com,"Boomtown Accelerator — Boulder, ongoing ($20k for ~6%)",fundingcake,https://fundingcake.com/listing/boomtown-accelerators/,boomtown-accelerators,exact
rolling,,Capital Factory,accelerator,US,Austin,https://www.capitalfactory.com/,"Capital Factory — Austin, rolling ($100k for up to 1%)",web-search,,capital-factory,external
rolling,,Forum Ventures,accelerator,US,New York,https://www.forumvc.com,"Forum Ventures — B2B SaaS, rolling ($100k for 7.5%)",fundingcake,https://fundingcake.com/listing/forum-ventures/,forum-ventures,exact
rolling,,JLL Spark,vc,US,San Francisco,https://spark.jllt.com,"L-SPARK — Canadian SaaS, ongoing (3% performance equity)",fundingcake,https://fundingcake.com/listing/jll-spark/,jll-spark,substring
rolling,,MetaProp,accelerator,US,New York,https://www.metaprop.vc,"MetaProp — NYC PropTech, rolling (~$150k for ~6%)",fundingcake,https://fundingcake.com/listing/metaprop/,metaprop,exact
rolling,,Mucker Lab,accelerator,US,Los Angeles,https://www.mucker.com,"MuckerLab — rolling, no set batch dates",fundingcake,https://fundingcake.com/listing/mucker-lab/,mucker-lab,exact
rolling,,Soma Capital Fellowship,accelerator,US,San Francisco,https://somacap.com/fellows,Soma Fellows — rolling admissions (up to $1M uncapped SAFE),web-search,,soma-capital-fellowship,external
rolling,,"SOSV (HAX, IndieBio, RebelBio, Orbit)",accelerator,US,,https://sosv.com/,"SOSV — Global hardware/biotech (HAX/IndieBio), $250-550k investments",web-search,,sosv,external
rolling,,StartX,accelerator,US,Palo Alto,https://startx.com,"StartX — Stanford-affiliated, equity-free, rolling",fundingcake,https://fundingcake.com/listing/startx/,startx,exact
rolling,,Union Kitchen,accelerator,US,Washington,https://unionkitchen.com/,"Union Kitchen — DC, food/CPG accelerator (10% equity + board seat)",web-search,,union-kitchen,external
rolling,,DMZ Tech Incubator,accelerator,,Toronto Female Founders Resources,https://dmz.torontomu.ca,"DMZ — Toronto, 16-week program, ongoing intakes",fundingcake,https://fundingcake.com/listing/dmz-tech-incubator/,dmz-tech-incubator,exact
rolling,,Plug and Play Tech Center,accelerator,,Beijing,https://www.plugandplaytechcenter.com,Plug and Play — multiple programs through year,fundingcake,https://fundingcake.com/listing/plug-and-play-tech-center/,plug-and-play-tech-center,prefix
recently_closed,2026-05-11,Alliance (Crypto Accelerator),accelerator,US,New York,https://alliance.xyz/,Alliance Crypto — cohort started May 11; next cycle TBD ($500k via SAFE),web-search,,alliance-crypto-accelerator,external
recently_closed,2025-09-30,Echoing Green Fellowship,grant,US,New York,https://echoinggreen.org/,"Echoing Green 2026 Fellowship — closed Sept 30, 2025; next cycle ~Sept 2026",web-search,,echoing-green,external
recently_closed,2026-03-04,MassChallenge,accelerator,US,Boston,https://masschallenge.org,MassChallenge Switzerland closed Mar 4; other tracks roll out,fundingcake,https://fundingcake.com/listing/masschallenge/,masschallenge,exact
recently_closed,2026-02-01,South Park Commons Founder Fellowship,accelerator,US,San Francisco,https://www.southparkcommons.com/,SPC Founder Fellowship — Feb 1 closed; recurring ($400k for 7% + $600k guaranteed next round),web-search,,south-park-commons,external
